model,learning_rate,n_estimators,subsample,max_depth,colsample_bytree,fit_time_seconds,accuracy,f1,precision,recall,roc_auc,predict_time_seconds,num_leaves
XGBoost,0.01,100,0.8,3.0,0.8,0.04599720000260277,0.956140350877193,0.9655172413793104,0.958904109589041,0.9722222222222222,0.9917328042328042,0.0010806999998749234,
XGBoost,0.01,100,0.8,3.0,1.0,0.04463669999677222,0.9473684210526315,0.958904109589041,0.9459459459459459,0.9722222222222222,0.9920634920634921,0.0011146000033477321,
XGBoost,0.01,100,0.8,6.0,0.8,0.06890829999611015,0.9473684210526315,0.958904109589041,0.9459459459459459,0.9722222222222222,0.9930555555555556,0.0011292999988654628,
XGBoost,0.01,100,0.8,6.0,1.0,0.09231309999449877,0.9473684210526315,0.958904109589041,0.9459459459459459,0.9722222222222222,0.9917328042328042,0.0012319000015850179,
LightGBM,0.01,100,0.8,,0.8,0.040725799997744616,0.9473684210526315,0.958904109589041,0.9459459459459459,0.9722222222222222,0.9907407407407407,0.0022654999993392266,15.0
LightGBM,0.01,100,0.8,,1.0,0.030915000003005844,0.9473684210526315,0.958904109589041,0.9459459459459459,0.9722222222222222,0.9900793650793651,0.002001599998038728,15.0
LightGBM,0.01,100,0.8,,0.8,0.0408333000013954,0.9473684210526315,0.958904109589041,0.9459459459459459,0.9722222222222222,0.9907407407407407,0.0021374999996623956,31.0
LightGBM,0.01,100,0.8,,1.0,0.12418990000151098,0.9473684210526315,0.958904109589041,0.9459459459459459,0.9722222222222222,0.9900793650793651,0.0031556000030832365,31.0
LightGBM,0.01,100,0.8,,0.8,0.0416138999935356,0.9473684210526315,0.958904109589041,0.9459459459459459,0.9722222222222222,0.9907407407407407,0.002089299996441696,63.0
LightGBM,0.01,100,0.8,,1.0,0.040266299998620525,0.9473684210526315,0.958904109589041,0.9459459459459459,0.9722222222222222,0.9900793650793651,0.0019184999982826412,63.0
XGBoost,0.01,100,1.0,3.0,0.8,0.04287350000231527,0.9473684210526315,0.9583333333333334,0.9583333333333334,0.9583333333333334,0.9890873015873016,0.0013554999968619086,
XGBoost,0.01,100,1.0,3.0,1.0,0.04815170000074431,0.9385964912280702,0.9517241379310345,0.9452054794520548,0.9583333333333334,0.9884259259259258,0.0011421999952290207,
XGBoost,0.01,100,1.0,6.0,0.8,0.08144959999481216,0.9385964912280702,0.951048951048951,0.9577464788732394,0.9444444444444444,0.9894179894179894,0.0011716000008163974,
XGBoost,0.01,100,1.0,6.0,1.0,0.0906466000014916,0.9298245614035088,0.9436619718309859,0.9571428571428572,0.9305555555555556,0.9867724867724869,0.0012711000017588958,
LightGBM,0.01,100,1.0,,0.8,0.03163940000376897,0.9473684210526315,0.958904109589041,0.9459459459459459,0.9722222222222222,0.9907407407407407,0.0024330999949597754,15.0
LightGBM,0.01,100,1.0,,1.0,0.03363250000256812,0.9473684210526315,0.958904109589041,0.9459459459459459,0.9722222222222222,0.9900793650793651,0.0018674000020837411,15.0
LightGBM,0.01,100,1.0,,0.8,0.036908399997628294,0.9473684210526315,0.958904109589041,0.9459459459459459,0.9722222222222222,0.9907407407407407,0.001906600002257619,31.0
LightGBM,0.01,100,1.0,,1.0,0.03748210000048857,0.9473684210526315,0.958904109589041,0.9459459459459459,0.9722222222222222,0.9900793650793651,0.0021425000013550743,31.0
LightGBM,0.01,100,1.0,,0.8,0.04397439999593189,0.9473684210526315,0.958904109589041,0.9459459459459459,0.9722222222222222,0.9907407407407407,0.0020012999957543798,63.0
LightGBM,0.01,100,1.0,,1.0,0.04159549999894807,0.9473684210526315,0.958904109589041,0.9459459459459459,0.9722222222222222,0.9900793650793651,0.001973400001588743,63.0
XGBoost,0.01,300,0.8,3.0,0.8,0.11704090000421274,0.9473684210526315,0.9583333333333334,0.9583333333333334,0.9583333333333334,0.9940476190476191,0.0013212999983807094,
XGBoost,0.01,300,0.8,3.0,1.0,0.13083800000458723,0.9473684210526315,0.9583333333333334,0.9583333333333334,0.9583333333333334,0.9943783068783069,0.001320899995334912,
XGBoost,0.01,300,0.8,6.0,0.8,0.18365710000216495,0.956140350877193,0.9655172413793104,0.958904109589041,0.9722222222222222,0.9940476190476191,0.0014164000021992251,
XGBoost,0.01,300,0.8,6.0,1.0,0.20312320000084583,0.9473684210526315,0.9583333333333334,0.9583333333333334,0.9583333333333334,0.9947089947089947,0.0014231000022846274,
LightGBM,0.01,300,0.8,,0.8,0.08428339999954915,0.9473684210526315,0.9583333333333334,0.9583333333333334,0.9583333333333334,0.9927248677248677,0.0025018000014824793,15.0
LightGBM,0.01,300,0.8,,1.0,0.08473719999892637,0.956140350877193,0.965034965034965,0.971830985915493,0.9583333333333334,0.9927248677248677,0.0020176000034553,15.0
LightGBM,0.01,300,0.8,,0.8,0.15761509999720147,0.9473684210526315,0.9583333333333334,0.9583333333333334,0.9583333333333334,0.9923941798941799,0.002853300000424497,31.0
LightGBM,0.01,300,0.8,,1.0,0.21966270000120858,0.9473684210526315,0.9583333333333334,0.9583333333333334,0.9583333333333334,0.9923941798941799,0.002994299997226335,31.0
LightGBM,0.01,300,0.8,,0.8,0.12319470000511501,0.9473684210526315,0.9583333333333334,0.9583333333333334,0.9583333333333334,0.9923941798941799,0.002172599997720681,63.0
LightGBM,0.01,300,0.8,,1.0,0.11176159999740776,0.9473684210526315,0.9583333333333334,0.9583333333333334,0.9583333333333334,0.9923941798941799,0.002500700000382494,63.0
XGBoost,0.01,300,1.0,3.0,0.8,0.11928369999805,0.9473684210526315,0.958904109589041,0.9459459459459459,0.9722222222222222,0.9923941798941799,0.0012777999945683405,
XGBoost,0.01,300,1.0,3.0,1.0,0.1313815000030445,0.956140350877193,0.9655172413793104,0.958904109589041,0.9722222222222222,0.9930555555555555,0.001338099995336961,
XGBoost,0.01,300,1.0,6.0,0.8,0.2074343000058434,0.9473684210526315,0.958904109589041,0.9459459459459459,0.9722222222222222,0.9927248677248678,0.0014528000028803945,
XGBoost,0.01,300,1.0,6.0,1.0,0.228973400000541,0.9473684210526315,0.9583333333333334,0.9583333333333334,0.9583333333333334,0.9914021164021164,0.0016622999974060804,
LightGBM,0.01,300,1.0,,0.8,0.08338440000079572,0.9473684210526315,0.9583333333333334,0.9583333333333334,0.9583333333333334,0.9927248677248677,0.002887800001190044,15.0
LightGBM,0.01,300,1.0,,1.0,0.08494570000038948,0.956140350877193,0.965034965034965,0.971830985915493,0.9583333333333334,0.9927248677248677,0.0020363000003271736,15.0
LightGBM,0.01,300,1.0,,0.8,0.10301330000220332,0.9473684210526315,0.9583333333333334,0.9583333333333334,0.9583333333333334,0.9923941798941799,0.0027113999967696145,31.0
LightGBM,0.01,300,1.0,,1.0,0.1135428999987198,0.9473684210526315,0.9583333333333334,0.9583333333333334,0.9583333333333334,0.9923941798941799,0.0020786999957636,31.0
LightGBM,0.01,300,1.0,,0.8,0.12513120000221534,0.9473684210526315,0.9583333333333334,0.9583333333333334,0.9583333333333334,0.9923941798941799,0.0024835000003804453,63.0
LightGBM,0.01,300,1.0,,1.0,0.11278650000167545,0.9473684210526315,0.9583333333333334,0.9583333333333334,0.9583333333333334,0.9923941798941799,0.002227999997558072,63.0
XGBoost,0.01,600,0.8,3.0,0.8,0.2207676999969408,0.9649122807017544,0.9726027397260274,0.9594594594594594,0.9861111111111112,0.9947089947089947,0.0016355999978259206,
XGBoost,0.01,600,0.8,3.0,1.0,0.2608598000006168,0.9385964912280702,0.9517241379310345,0.9452054794520548,0.9583333333333334,0.9947089947089947,0.0016574000037508085,
XGBoost,0.01,600,0.8,6.0,0.8,0.31266219999815803,0.9649122807017544,0.9726027397260274,0.9594594594594594,0.9861111111111112,0.9947089947089947,0.00179980000393698,
XGBoost,0.01,600,0.8,6.0,1.0,0.3417124999978114,0.956140350877193,0.9655172413793104,0.958904109589041,0.9722222222222222,0.9950396825396826,0.0017494999992777593,
LightGBM,0.01,600,0.8,,0.8,0.1728917000000365,0.9649122807017544,0.9726027397260274,0.9594594594594594,0.9861111111111112,0.9907407407407407,0.0026360999981989153,15.0
LightGBM,0.01,600,0.8,,1.0,0.1726524999976391,0.9649122807017544,0.9726027397260274,0.9594594594594594,0.9861111111111112,0.9900793650793651,0.002284200003487058,15.0
LightGBM,0.01,600,0.8,,0.8,0.23998289999872213,0.9649122807017544,0.9726027397260274,0.9594594594594594,0.9861111111111112,0.9904100529100529,0.003318299997772556,31.0
LightGBM,0.01,600,0.8,,1.0,0.2807366000051843,0.9649122807017544,0.9726027397260274,0.9594594594594594,0.9861111111111112,0.9897486772486772,0.002793699997710064,31.0
LightGBM,0.01,600,0.8,,0.8,0.2419510000036098,0.9649122807017544,0.9726027397260274,0.9594594594594594,0.9861111111111112,0.9904100529100529,0.0034177999987150542,63.0
LightGBM,0.01,600,0.8,,1.0,0.43536699999822304,0.9649122807017544,0.9726027397260274,0.9594594594594594,0.9861111111111112,0.9897486772486772,0.0029323999988264404,63.0
XGBoost,0.01,600,1.0,3.0,0.8,0.21921930000098655,0.9473684210526315,0.958904109589041,0.9459459459459459,0.9722222222222222,0.9937169312169312,0.001653999999689404,
XGBoost,0.01,600,1.0,3.0,1.0,0.2425059999950463,0.9473684210526315,0.958904109589041,0.9459459459459459,0.9722222222222222,0.9940476190476191,0.001629400001547765,
XGBoost,0.01,600,1.0,6.0,0.8,0.338565899997775,0.9473684210526315,0.958904109589041,0.9459459459459459,0.9722222222222222,0.9937169312169313,0.0018865000020014122,
XGBoost,0.01,600,1.0,6.0,1.0,0.4164837999996962,0.9473684210526315,0.958904109589041,0.9459459459459459,0.9722222222222222,0.9917328042328042,0.0018062000017380342,
LightGBM,0.01,600,1.0,,0.8,0.17454589999397285,0.9649122807017544,0.9726027397260274,0.9594594594594594,0.9861111111111112,0.9907407407407407,0.0028395999979693443,15.0
LightGBM,0.01,600,1.0,,1.0,0.17303000000538304,0.9649122807017544,0.9726027397260274,0.9594594594594594,0.9861111111111112,0.9900793650793651,0.0024772000033408403,15.0
LightGBM,0.01,600,1.0,,0.8,0.25179210000351304,0.9649122807017544,0.9726027397260274,0.9594594594594594,0.9861111111111112,0.9904100529100529,0.003249000001233071,31.0
LightGBM,0.01,600,1.0,,1.0,0.25987760000134585,0.9649122807017544,0.9726027397260274,0.9594594594594594,0.9861111111111112,0.9897486772486772,0.0027559000009205192,31.0
LightGBM,0.01,600,1.0,,0.8,0.24242809999850579,0.9649122807017544,0.9726027397260274,0.9594594594594594,0.9861111111111112,0.9904100529100529,0.0028019999954267405,63.0
LightGBM,0.01,600,1.0,,1.0,0.248698899995361,0.9649122807017544,0.9726027397260274,0.9594594594594594,0.9861111111111112,0.9897486772486772,0.0031068000025697984,63.0
XGBoost,0.05,100,0.8,3.0,0.8,0.04175519999989774,0.956140350877193,0.9655172413793104,0.958904109589041,0.9722222222222222,0.9943783068783069,0.0011245000059716403,
XGBoost,0.05,100,0.8,3.0,1.0,0.04418279999663355,0.9473684210526315,0.9583333333333334,0.9583333333333334,0.9583333333333334,0.9950396825396826,0.001127000003180001,
XGBoost,0.05,100,0.8,6.0,0.8,0.06045260000246344,0.956140350877193,0.9659863945578231,0.9466666666666667,0.9861111111111112,0.9953703703703703,0.0011263000051258132,
XGBoost,0.05,100,0.8,6.0,1.0,0.07133810000232188,0.956140350877193,0.9655172413793104,0.958904109589041,0.9722222222222222,0.9947089947089947,0.0011468000011518598,
LightGBM,0.05,100,0.8,,0.8,0.03201880000415258,0.9649122807017544,0.9726027397260274,0.9594594594594594,0.9861111111111112,0.9914021164021164,0.002392100002907682,15.0
LightGBM,0.05,100,0.8,,1.0,0.030839799997920636,0.9649122807017544,0.9726027397260274,0.9594594594594594,0.9861111111111112,0.9900793650793651,0.00197870000556577,15.0
LightGBM,0.05,100,0.8,,0.8,0.04114090000075521,0.9649122807017544,0.9726027397260274,0.9594594594594594,0.9861111111111112,0.9930555555555556,0.0019952999937231652,31.0
LightGBM,0.05,100,0.8,,1.0,0.04133929999807151,0.956140350877193,0.9655172413793104,0.958904109589041,0.9722222222222222,0.9907407407407407,0.00198390000150539,31.0
LightGBM,0.05,100,0.8,,0.8,0.04385560000082478,0.9649122807017544,0.9726027397260274,0.9594594594594594,0.9861111111111112,0.9930555555555556,0.0023438999996869825,63.0
LightGBM,0.05,100,0.8,,1.0,0.04345589999866206,0.956140350877193,0.9655172413793104,0.958904109589041,0.9722222222222222,0.9907407407407407,0.0019545000031939708,63.0
XGBoost,0.05,100,1.0,3.0,0.8,0.041267500004323665,0.9473684210526315,0.958904109589041,0.9459459459459459,0.9722222222222222,0.9930555555555555,0.0011169999997946434,
XGBoost,0.05,100,1.0,3.0,1.0,0.04389490000176011,0.9473684210526315,0.958904109589041,0.9459459459459459,0.9722222222222222,0.9927248677248677,0.0010833999986061826,
XGBoost,0.05,100,1.0,6.0,0.8,0.06916640000417829,0.9473684210526315,0.958904109589041,0.9459459459459459,0.9722222222222222,0.9947089947089948,0.0011488000018289313,
XGBoost,0.05,100,1.0,6.0,1.0,0.07314210000185994,0.9473684210526315,0.958904109589041,0.9459459459459459,0.9722222222222222,0.9920634920634921,0.0011262999978498556,
LightGBM,0.05,100,1.0,,0.8,0.03152309999859426,0.9649122807017544,0.9726027397260274,0.9594594594594594,0.9861111111111112,0.9914021164021164,0.0022685999938403256,15.0
LightGBM,0.05,100,1.0,,1.0,0.031466499996895436,0.9649122807017544,0.9726027397260274,0.9594594594594594,0.9861111111111112,0.9900793650793651,0.0018681000001379289,15.0
LightGBM,0.05,100,1.0,,0.8,0.041144599999825004,0.9649122807017544,0.9726027397260274,0.9594594594594594,0.9861111111111112,0.9930555555555556,0.001899099996080622,31.0
LightGBM,0.05,100,1.0,,1.0,0.04054530000576051,0.956140350877193,0.9655172413793104,0.958904109589041,0.9722222222222222,0.9907407407407407,0.001890599996841047,31.0
LightGBM,0.05,100,1.0,,0.8,0.042298699998355005,0.9649122807017544,0.9726027397260274,0.9594594594594594,0.9861111111111112,0.9930555555555556,0.0019097999975201674,63.0
LightGBM,0.05,100,1.0,,1.0,0.04571349999605445,0.956140350877193,0.9655172413793104,0.958904109589041,0.9722222222222222,0.9907407407407407,0.0018989999953191727,63.0
XGBoost,0.05,300,0.8,3.0,0.8,0.11828269999386976,0.956140350877193,0.9659863945578231,0.9466666666666667,0.9861111111111112,0.9940476190476191,0.0013020000042160973,
XGBoost,0.05,300,0.8,3.0,1.0,0.1373849000010523,0.956140350877193,0.9659863945578231,0.9466666666666667,0.9861111111111112,0.9947089947089947,0.0014123000000836328,
XGBoost,0.05,300,0.8,6.0,0.8,0.142145799996797,0.956140350877193,0.9659863945578231,0.9466666666666667,0.9861111111111112,0.9950396825396826,0.0013805999988107942,
XGBoost,0.05,300,0.8,6.0,1.0,0.12777530000312254,0.956140350877193,0.9659863945578231,0.9466666666666667,0.9861111111111112,0.9947089947089947,0.0013143000032869168,
LightGBM,0.05,300,0.8,,0.8,0.07975599999917904,0.9473684210526315,0.958904109589041,0.9459459459459459,0.9722222222222222,0.9887566137566137,0.00244389999716077,15.0
LightGBM,0.05,300,0.8,,1.0,0.08206559999962337,0.9649122807017544,0.9726027397260274,0.9594594594594594,0.9861111111111112,0.9897486772486772,0.002039600003627129,15.0
LightGBM,0.05,300,0.8,,0.8,0.12299170000187587,0.9649122807017544,0.9726027397260274,0.9594594594594594,0.9861111111111112,0.9897486772486772,0.002836100000422448,31.0
LightGBM,0.05,300,0.8,,1.0,0.11536150000029011,0.956140350877193,0.9659863945578231,0.9466666666666667,0.9861111111111112,0.9897486772486772,0.0021370999966165982,31.0
LightGBM,0.05,300,0.8,,0.8,0.12146959999518003,0.9649122807017544,0.9726027397260274,0.9594594594594594,0.9861111111111112,0.9897486772486772,0.0026518000013311394,63.0
LightGBM,0.05,300,0.8,,1.0,0.12001600000075996,0.956140350877193,0.9659863945578231,0.9466666666666667,0.9861111111111112,0.9897486772486772,0.0021409000037238,63.0
XGBoost,0.05,300,1.0,3.0,0.8,0.09889990000374382,0.956140350877193,0.9659863945578231,0.9466666666666667,0.9861111111111112,0.9943783068783069,0.0013554999968619086,
XGBoost,0.05,300,1.0,3.0,1.0,0.10390979999647243,0.956140350877193,0.9659863945578231,0.9466666666666667,0.9861111111111112,0.9943783068783069,0.001295199996093288,
XGBoost,0.05,300,1.0,6.0,0.8,0.1225888999979361,0.9473684210526315,0.958904109589041,0.9459459459459459,0.9722222222222222,0.9947089947089947,0.0013542000015149824,
XGBoost,0.05,300,1.0,6.0,1.0,0.13050099999964004,0.9473684210526315,0.958904109589041,0.9459459459459459,0.9722222222222222,0.9927248677248677,0.0012925000046379864,
LightGBM,0.05,300,1.0,,0.8,0.08388669999840204,0.9473684210526315,0.958904109589041,0.9459459459459459,0.9722222222222222,0.9887566137566137,0.0025173999965772964,15.0
LightGBM,0.05,300,1.0,,1.0,0.08023920000414364,0.9649122807017544,0.9726027397260274,0.9594594594594594,0.9861111111111112,0.9897486772486772,0.0020406999974511564,15.0
LightGBM,0.05,300,1.0,,0.8,0.12172830000054091,0.9649122807017544,0.9726027397260274,0.9594594594594594,0.9861111111111112,0.9897486772486772,0.0025869000019156374,31.0
LightGBM,0.05,300,1.0,,1.0,0.11604980000265641,0.956140350877193,0.9659863945578231,0.9466666666666667,0.9861111111111112,0.9897486772486772,0.0020645999975386076,31.0
LightGBM,0.05,300,1.0,,0.8,0.14665439999953378,0.9649122807017544,0.9726027397260274,0.9594594594594594,0.9861111111111112,0.9897486772486772,0.0028271000046515837,63.0
LightGBM,0.05,300,1.0,,1.0,0.12195490000158316,0.956140350877193,0.9659863945578231,0.9466666666666667,0.9861111111111112,0.9897486772486772,0.0021047000045655295,63.0
XGBoost,0.05,600,0.8,3.0,0.8,0.16101469999557594,0.956140350877193,0.9659863945578231,0.9466666666666667,0.9861111111111112,0.9940476190476191,0.0014864000040688552,
XGBoost,0.05,600,0.8,3.0,1.0,0.16757469999720342,0.956140350877193,0.9659863945578231,0.9466666666666667,0.9861111111111112,0.9947089947089947,0.0014338999972096644,
XGBoost,0.05,600,0.8,6.0,0.8,0.1814174999963143,0.956140350877193,0.9659863945578231,0.9466666666666667,0.9861111111111112,0.9950396825396826,0.0014694999990751967,
XGBoost,0.05,600,0.8,6.0,1.0,0.19377089999761665,0.956140350877193,0.9659863945578231,0.9466666666666667,0.9861111111111112,0.9943783068783069,0.0014386999973794445,
LightGBM,0.05,600,0.8,,0.8,0.10883949999697506,0.956140350877193,0.9659863945578231,0.9466666666666667,0.9861111111111112,0.9884259259259259,0.002667599997948855,15.0
LightGBM,0.05,600,0.8,,1.0,0.10506770000210963,0.9649122807017544,0.9726027397260274,0.9594594594594594,0.9861111111111112,0.9884259259259259,0.002219899994088337,15.0
LightGBM,0.05,600,0.8,,0.8,0.1477113000000827,0.956140350877193,0.9659863945578231,0.9466666666666667,0.9861111111111112,0.9894179894179894,0.0025954000011552125,31.0
LightGBM,0.05,600,0.8,,1.0,0.14040579999709735,0.956140350877193,0.9659863945578231,0.9466666666666667,0.9861111111111112,0.9894179894179894,0.002530300000216812,31.0
LightGBM,0.05,600,0.8,,0.8,0.14799710000079358,0.956140350877193,0.9659863945578231,0.9466666666666667,0.9861111111111112,0.9894179894179894,0.0025840000016614795,63.0
LightGBM,0.05,600,0.8,,1.0,0.15075630000501405,0.956140350877193,0.9659863945578231,0.9466666666666667,0.9861111111111112,0.9894179894179894,0.002434500005620066,63.0
XGBoost,0.05,600,1.0,3.0,0.8,0.1667133000009926,0.956140350877193,0.9659863945578231,0.9466666666666667,0.9861111111111112,0.9927248677248677,0.0014592000006814487,
XGBoost,0.05,600,1.0,3.0,1.0,0.19269489999715006,0.956140350877193,0.9659863945578231,0.9466666666666667,0.9861111111111112,0.9914021164021164,0.0017312999989371747,
XGBoost,0.05,600,1.0,6.0,0.8,0.22957100000348873,0.956140350877193,0.9659863945578231,0.9466666666666667,0.9861111111111112,0.9937169312169312,0.0015549000017927028,
XGBoost,0.05,600,1.0,6.0,1.0,0.19810299999517156,0.9473684210526315,0.958904109589041,0.9459459459459459,0.9722222222222222,0.9920634920634921,0.0015364999999292195,
LightGBM,0.05,600,1.0,,0.8,0.1106528000018443,0.956140350877193,0.9659863945578231,0.9466666666666667,0.9861111111111112,0.9884259259259259,0.002607700000226032,15.0
LightGBM,0.05,600,1.0,,1.0,0.11224460000084946,0.9649122807017544,0.9726027397260274,0.9594594594594594,0.9861111111111112,0.9884259259259259,0.002365699998335913,15.0
LightGBM,0.05,600,1.0,,0.8,0.14493490000313614,0.956140350877193,0.9659863945578231,0.9466666666666667,0.9861111111111112,0.9894179894179894,0.0026961000039591454,31.0
LightGBM,0.05,600,1.0,,1.0,0.14213710000331048,0.956140350877193,0.9659863945578231,0.9466666666666667,0.9861111111111112,0.9894179894179894,0.0022881999975652434,31.0
LightGBM,0.05,600,1.0,,0.8,0.14538750000065193,0.956140350877193,0.9659863945578231,0.9466666666666667,0.9861111111111112,0.9894179894179894,0.0025883999987854622,63.0
LightGBM,0.05,600,1.0,,1.0,0.1444262000004528,0.956140350877193,0.9659863945578231,0.9466666666666667,0.9861111111111112,0.9894179894179894,0.002556600004027132,63.0
XGBoost,0.1,100,0.8,3.0,0.8,0.039063500000338536,0.9649122807017544,0.9726027397260274,0.9594594594594594,0.9861111111111112,0.9943783068783069,0.0010980000006384216,
XGBoost,0.1,100,0.8,3.0,1.0,0.041408100005355664,0.956140350877193,0.9659863945578231,0.9466666666666667,0.9861111111111112,0.9930555555555556,0.0010623000052873977,
XGBoost,0.1,100,0.8,6.0,0.8,0.0509271000046283,0.956140350877193,0.9659863945578231,0.9466666666666667,0.9861111111111112,0.9950396825396826,0.0010986999986926094,
XGBoost,0.1,100,0.8,6.0,1.0,0.05444310000166297,0.9473684210526315,0.958904109589041,0.9459459459459459,0.9722222222222222,0.9953703703703703,0.001131699995312374,
LightGBM,0.1,100,0.8,,0.8,0.03134710000449559,0.9649122807017544,0.9726027397260274,0.9594594594594594,0.9861111111111112,0.9910714285714286,0.002239200002804864,15.0
LightGBM,0.1,100,0.8,,1.0,0.0333669000028749,0.9649122807017544,0.9726027397260274,0.9594594594594594,0.9861111111111112,0.9897486772486772,0.0019162000025971793,15.0
LightGBM,0.1,100,0.8,,0.8,0.045269599999301136,0.9649122807017544,0.9726027397260274,0.9594594594594594,0.9861111111111112,0.9914021164021164,0.0022070999984862283,31.0
LightGBM,0.1,100,0.8,,1.0,0.04428770000231452,0.9649122807017544,0.9726027397260274,0.9594594594594594,0.9861111111111112,0.9897486772486772,0.00201309999829391,31.0
LightGBM,0.1,100,0.8,,0.8,0.049719299997377675,0.9649122807017544,0.9726027397260274,0.9594594594594594,0.9861111111111112,0.9914021164021164,0.002391199996054638,63.0
LightGBM,0.1,100,0.8,,1.0,0.045797099999617785,0.9649122807017544,0.9726027397260274,0.9594594594594594,0.9861111111111112,0.9897486772486772,0.002235599997220561,63.0
XGBoost,0.1,100,1.0,3.0,0.8,0.03926270000374643,0.9473684210526315,0.958904109589041,0.9459459459459459,0.9722222222222222,0.9947089947089947,0.0011090999978478067,
XGBoost,0.1,100,1.0,3.0,1.0,0.04061899999942398,0.9473684210526315,0.958904109589041,0.9459459459459459,0.9722222222222222,0.9943783068783069,0.0010786999991978519,
XGBoost,0.1,100,1.0,6.0,0.8,0.05432049999944866,0.956140350877193,0.9655172413793104,0.958904109589041,0.9722222222222222,0.9950396825396826,0.0012083999972674064,
XGBoost,0.1,100,1.0,6.0,1.0,0.06269330000213813,0.9473684210526315,0.958904109589041,0.9459459459459459,0.9722222222222222,0.9923941798941799,0.0012198999975225888,
LightGBM,0.1,100,1.0,,0.8,0.04657900000165682,0.9649122807017544,0.9726027397260274,0.9594594594594594,0.9861111111111112,0.9910714285714286,0.002263800000946503,15.0
LightGBM,0.1,100,1.0,,1.0,0.032115000001795124,0.9649122807017544,0.9726027397260274,0.9594594594594594,0.9861111111111112,0.9897486772486772,0.001861500000813976,15.0
LightGBM,0.1,100,1.0,,0.8,0.049489599994558375,0.9649122807017544,0.9726027397260274,0.9594594594594594,0.9861111111111112,0.9914021164021164,0.0019572999954107217,31.0
LightGBM,0.1,100,1.0,,1.0,0.046199199998227414,0.9649122807017544,0.9726027397260274,0.9594594594594594,0.9861111111111112,0.9897486772486772,0.0020216999982949346,31.0
LightGBM,0.1,100,1.0,,0.8,0.04777289999765344,0.9649122807017544,0.9726027397260274,0.9594594594594594,0.9861111111111112,0.9914021164021164,0.0029347999952733517,63.0
LightGBM,0.1,100,1.0,,1.0,0.04826199999661185,0.9649122807017544,0.9726027397260274,0.9594594594594594,0.9861111111111112,0.9897486772486772,0.002039600003627129,63.0
XGBoost,0.1,300,0.8,3.0,0.8,0.08267509999859612,0.956140350877193,0.9659863945578231,0.9466666666666667,0.9861111111111112,0.9950396825396826,0.0012428999980329536,
XGBoost,0.1,300,0.8,3.0,1.0,0.08796399999846471,0.956140350877193,0.9659863945578231,0.9466666666666667,0.9861111111111112,0.9920634920634921,0.001312200001848396,
XGBoost,0.1,300,0.8,6.0,0.8,0.09430189999693539,0.956140350877193,0.9659863945578231,0.9466666666666667,0.9861111111111112,0.9957010582010581,0.001264999998966232,
XGBoost,0.1,300,0.8,6.0,1.0,0.09786620000522817,0.9649122807017544,0.972972972972973,0.9473684210526315,1.0,0.9957010582010581,0.0012605000010807998,
LightGBM,0.1,300,0.8,,0.8,0.05669530000159284,0.956140350877193,0.9659863945578231,0.9466666666666667,0.9861111111111112,0.9904100529100529,0.002358300000196323,15.0
LightGBM,0.1,300,0.8,,1.0,0.055900899998960085,0.956140350877193,0.9659863945578231,0.9466666666666667,0.9861111111111112,0.9890873015873016,0.0019590999945648946,15.0
LightGBM,0.1,300,0.8,,0.8,0.07305169999744976,0.9649122807017544,0.9726027397260274,0.9594594594594594,0.9861111111111112,0.9894179894179894,0.002057799996691756,31.0
LightGBM,0.1,300,0.8,,1.0,0.07581840000057127,0.956140350877193,0.9659863945578231,0.9466666666666667,0.9861111111111112,0.9884259259259259,0.0026932000037049875,31.0
LightGBM,0.1,300,0.8,,0.8,0.07385300000169082,0.9649122807017544,0.9726027397260274,0.9594594594594594,0.9861111111111112,0.9894179894179894,0.0020143000001553446,63.0
LightGBM,0.1,300,0.8,,1.0,0.07643770000140648,0.956140350877193,0.9659863945578231,0.9466666666666667,0.9861111111111112,0.9884259259259259,0.001991700002690777,63.0
XGBoost,0.1,300,1.0,3.0,0.8,0.08528520000254503,0.956140350877193,0.9659863945578231,0.9466666666666667,0.9861111111111112,0.9927248677248677,0.0012101999964215793,
XGBoost,0.1,300,1.0,3.0,1.0,0.08862299999600509,0.9649122807017544,0.972972972972973,0.9473684210526315,1.0,0.9917328042328042,0.0012582999988808297,
XGBoost,0.1,300,1.0,6.0,0.8,0.0948359000030905,0.956140350877193,0.9659863945578231,0.9466666666666667,0.9861111111111112,0.9943783068783069,0.0012342999980319291,
XGBoost,0.1,300,1.0,6.0,1.0,0.10200869999971474,0.956140350877193,0.9659863945578231,0.9466666666666667,0.9861111111111112,0.9917328042328042,0.0012446999971871264,
LightGBM,0.1,300,1.0,,0.8,0.055731799999193754,0.956140350877193,0.9659863945578231,0.9466666666666667,0.9861111111111112,0.9904100529100529,0.0023686000058660284,15.0
LightGBM,0.1,300,1.0,,1.0,0.05695669999840902,0.956140350877193,0.9659863945578231,0.9466666666666667,0.9861111111111112,0.9890873015873016,0.002024000001256354,15.0
LightGBM,0.1,300,1.0,,0.8,0.07301359999837587,0.9649122807017544,0.9726027397260274,0.9594594594594594,0.9861111111111112,0.9894179894179894,0.0022202000036486425,31.0
LightGBM,0.1,300,1.0,,1.0,0.07687589999841293,0.956140350877193,0.9659863945578231,0.9466666666666667,0.9861111111111112,0.9884259259259259,0.002736000002187211,31.0
LightGBM,0.1,300,1.0,,0.8,0.0746246000053361,0.9649122807017544,0.9726027397260274,0.9594594594594594,0.9861111111111112,0.9894179894179894,0.001999100000830367,63.0
LightGBM,0.1,300,1.0,,1.0,0.126757699996233,0.956140350877193,0.9659863945578231,0.9466666666666667,0.9861111111111112,0.9884259259259259,0.002855999999155756,63.0
XGBoost,0.1,600,0.8,3.0,0.8,0.1780464000039501,0.9649122807017544,0.972972972972973,0.9473684210526315,1.0,0.9953703703703703,0.0015972000037436374,
XGBoost,0.1,600,0.8,3.0,1.0,0.16184010000142734,0.9649122807017544,0.972972972972973,0.9473684210526315,1.0,0.9930555555555556,0.0013608000008389354,
XGBoost,0.1,600,0.8,6.0,0.8,0.14792220000526868,0.956140350877193,0.9659863945578231,0.9466666666666667,0.9861111111111112,0.9950396825396826,0.001428499999747146,
XGBoost,0.1,600,0.8,6.0,1.0,0.15131779999501305,0.9649122807017544,0.972972972972973,0.9473684210526315,1.0,0.9957010582010581,0.0014568999977200292,
LightGBM,0.1,600,0.8,,0.8,0.07482140000502113,0.9649122807017544,0.9726027397260274,0.9594594594594594,0.9861111111111112,0.9904100529100529,0.0025242999981855974,15.0
LightGBM,0.1,600,0.8,,1.0,0.07154799999989336,0.956140350877193,0.9659863945578231,0.9466666666666667,0.9861111111111112,0.9890873015873016,0.002037699996435549,15.0
LightGBM,0.1,600,0.8,,0.8,0.09090550000109943,0.9736842105263158,0.9793103448275862,0.9726027397260274,0.9861111111111112,0.9897486772486772,0.0020843000020249747,31.0
LightGBM,0.1,600,0.8,,1.0,0.09313399999518879,0.956140350877193,0.9659863945578231,0.9466666666666667,0.9861111111111112,0.9887566137566137,0.0025464000063948333,31.0
LightGBM,0.1,600,0.8,,0.8,0.08999100000073668,0.9736842105263158,0.9793103448275862,0.9726027397260274,0.9861111111111112,0.9897486772486772,0.002410499997495208,63.0
LightGBM,0.1,600,0.8,,1.0,0.10529659999883734,0.956140350877193,0.9659863945578231,0.9466666666666667,0.9861111111111112,0.9887566137566137,0.0024341999960597605,63.0
XGBoost,0.1,600,1.0,3.0,0.8,0.14735990000190213,0.956140350877193,0.9659863945578231,0.9466666666666667,0.9861111111111112,0.9940476190476191,0.001394099999743048,
XGBoost,0.1,600,1.0,3.0,1.0,0.1533179000034579,0.9649122807017544,0.972972972972973,0.9473684210526315,1.0,0.9917328042328042,0.001373899998725392,
XGBoost,0.1,600,1.0,6.0,0.8,0.15414289999898756,0.956140350877193,0.9659863945578231,0.9466666666666667,0.9861111111111112,0.9950396825396826,0.001410999997460749,
XGBoost,0.1,600,1.0,6.0,1.0,0.16351530000247294,0.956140350877193,0.9659863945578231,0.9466666666666667,0.9861111111111112,0.9927248677248677,0.0014003000032971613,
LightGBM,0.1,600,1.0,,0.8,0.07542760000069393,0.9649122807017544,0.9726027397260274,0.9594594594594594,0.9861111111111112,0.9904100529100529,0.002708800006075762,15.0
LightGBM,0.1,600,1.0,,1.0,0.08831680000002962,0.956140350877193,0.9659863945578231,0.9466666666666667,0.9861111111111112,0.9890873015873016,0.002271099998324644,15.0
LightGBM,0.1,600,1.0,,0.8,0.09830679999868153,0.9736842105263158,0.9793103448275862,0.9726027397260274,0.9861111111111112,0.9897486772486772,0.0026307999942218885,31.0
LightGBM,0.1,600,1.0,,1.0,0.09670979999646079,0.956140350877193,0.9659863945578231,0.9466666666666667,0.9861111111111112,0.9887566137566137,0.002065799999400042,31.0
LightGBM,0.1,600,1.0,,0.8,0.09070340000471333,0.9736842105263158,0.9793103448275862,0.9726027397260274,0.9861111111111112,0.9897486772486772,0.002541000001656357,63.0
LightGBM,0.1,600,1.0,,1.0,0.09646079999947688,0.956140350877193,0.9659863945578231,0.9466666666666667,0.9861111111111112,0.9887566137566137,0.0020762999993166886,63.0
